{
  "type": "block",
  "layer": 6,
  "block": 0,
  "features": [
    {
      "geom": {
        "pts": [
          [
            -1.3723992019627873,
            11.003179039581779,
            2.451582041560392
          ]
        ],
        "r": 0.3568314820797122,
        "h": -1.0704944462391366
      },
      "mtl": 0
    },
    {
      "geom": {
        "pts": [
          [
            -3.3509754785273236,
            7.293856369245194,
            2.8276636717250168
          ]
        ],
        "r": 0.3568314820797122,
        "h": -1.0704944462391366
      },
      "mtl": 0
    }
  ]
}